{
  "frames_dir":"../video/calibration_vid2/color",
  "square_size":19.88,
  "cameras":[
    {
      "name":"cam1",
      "start_frame":360,
      "end_frame":900,
      "intrinsics":{
        "mapping_coefficients":[
          1256.3693223453058,
          -0.0003558839570261623,
          1.117533964820362e-07,
          -7.043815754117212e-11
        ],
        "image_size":[
          2880,
          3840
        ],
        "distortion_center":[
          1923.06,
          1440.97
        ],
        "stretch_matrix":[
          0.994742,
          0.00122444,
          -0.00136711,
          1
        ],
        "fast_poly":[
          12.1686,
          -45.7305,
          32.1995,
          24.8273,
          54.4604,
          -141.475,
          -40.5752,
          -993.937,
          1783.97
        ]
      },
      "translation":[
        -0.165608,
        0.455658,
        -68.2753
      ],
      "rotation":[
        0.9999614509670639,
        0.002637720582189728,
        -0.008374903580013079,
        -0.00262386940953238,
        0.9999951724504207,
        0.0016644474083279991,
        0.008379253496937744,
        -0.0016424085921786554,
        0.9999635446379285
      ]
    },
    {
      "name":"cam2",
      "start_frame":750,
      "end_frame":1200,
      "intrinsics":{
        "mapping_coefficients":[
          1271.1988216907391,
          -0.00034958230917564735,
          1.008573999051579e-07,
          -6.522818695357714e-11
        ],
        "image_size":[
          2880,
          3840
        ],
        "distortion_center":[
          1912.25,
          1439.64
        ],
        "stretch_matrix":[
          0.993136,
          0.000930679,
          -0.000725244,
          1
        ],
        "fast_poly":[
          15.1644,
          -47.9827,
          25.826,
          21.2018,
          66.9704,
          -144.358,
          -29.5983,
          -1020.95,
          1809.32
        ]
      },
      "translation":[
        -0.715793,
        0.838282,
        -67.0295
      ],
      "rotation":[
        0.9999574203191177,
        -0.00915451643320955,
        0.001162917713922968,
        0.0036133229119144203,
        0.5043762929871491,
        0.8634764032503005,
        -0.00849125704884111,
        -0.8634354347033805,
        0.5043878950295249
      ]
    },
    {
      "name":"cam3",
      "start_frame":1020,
      "end_frame":1530,
      "intrinsics":{
        "mapping_coefficients":[
          1256.1287339402147,
          -0.0003228257519563025,
          6.621315869601909e-08,
          -5.187162960756307e-11
        ],
        "image_size":[
          2880,
          3840
        ],
        "distortion_center":[
          1926.41,
          1427.92
        ],
        "stretch_matrix":[
          0.992711,
          4.80518e-05,
          0.00272858,
          1
        ],
        "fast_poly":[
          11.6126,
          -39.8694,
          26.5848,
          10.9602,
          75.1784,
          -158.803,
          -12.2449,
          -1026.62,
          1806.35
        ]
      },
      "translation":[
        -0.984385,
        0.527074,
        -67.7673
      ],
      "rotation":[
        0.999998531588606,
        0.0006344646398250831,
        -0.0015919407188524997,
        0.001695517893858886,
        -0.5013113484579261,
        0.8652653102525067,
        -0.0002490777050105315,
        -0.8652667388510413,
        -0.5013116880727801
      ]
    },
    {
      "name":"cam4",
      "start_frame":1320,
      "end_frame":1860,
      "intrinsics":{
        "mapping_coefficients":[
          1253.721413695483,
          -0.0003600681587271681,
          1.1578065936993718e-07,
          -7.009798096801647e-11
        ],
        "image_size":[
          2880,
          3840
        ],
        "distortion_center":[
          1930.89,
          1460.8
        ],
        "stretch_matrix":[
          0.994069,
          0.000672587,
          -0.00260196,
          1
        ],
        "fast_poly":[
          14.8121,
          -45.6441,
          17.7481,
          23.3284,
          87.0581,
          -145.225,
          -69.1609,
          -981.416,
          1783.45
        ]
      },
      "translation":[
        -0.250573,
        -0.513619,
        -69.8182
      ],
      "rotation":[
        0.9998341113166476,
        -0.016572175971452788,
        0.00755730317117624,
        -0.016611942957594557,
        -0.9998483337260624,
        0.0052299996549010595,
        0.0074694845085515925,
        -0.005354673546337202,
        -0.9999577662443493
      ]
    },
    {
      "name":"cam5",
      "start_frame":1710,
      "end_frame":2160,
      "intrinsics":{
        "mapping_coefficients":[
          1243.0575983650813,
          -0.0003626677143795941,
          1.2561299652980647e-07,
          -7.661388864192694e-11
        ],
        "image_size":[
          2880,
          3840
        ],
        "distortion_center":[
          1905.56,
          1457.17
        ],
        "stretch_matrix":[
          0.994861,
          -0.00176609,
          8.837e-05,
          1
        ],
        "fast_poly":[
          17.0709,
          -53.7978,
          25.0431,
          31.4028,
          68.2175,
          -142.768,
          -51.4365,
          -1000.43,
          1797.09
        ]
      },
      "translation":[
        -0.366444,
        -0.688037,
        -66.7996
      ],
      "rotation":[
        0.9999901013966823,
        0.0006910848548391047,
        -0.004395396498205222,
        -0.00345551347855768,
        -0.5016920668589082,
        -0.8650393803044092,
        -0.002802951168416767,
        0.8650460059745726,
        -0.5016847127551198
      ]
    },
    {
      "name":"cam6",
      "start_frame":60,
      "end_frame":2400,
      "intrinsics":{
        "mapping_coefficients":[
          1256.2512192674371,
          -0.0003751489070338642,
          1.41965519014397e-07,
          -8.29668920305256e-11
        ],
        "image_size":[
          2880,
          3840
        ],
        "distortion_center":[
          1925.89,
          1443.81
        ],
        "stretch_matrix":[
          0.993551,
          -0.00238914,
          0.000563552,
          1
        ],
        "fast_poly":[
          20.7888,
          -63.1283,
          25.6561,
          43.043,
          66.3789,
          -149.112,
          -61.4133,
          -985.032,
          1796.18
        ]
      },
      "translation":[
        0.424234,
        -0.706371,
        -66.6231
      ],
      "rotation":[
        0.9999537096690698,
        -0.007325054793570229,
        0.0062387571948655345,
        0.009062784126926219,
        0.49925153485520685,
        -0.8664097015203539,
        0.0032317894321918362,
        0.8664261356382269,
        0.49929480972675316
      ]
    }
  ]
}
