{
    "frames_dir": "../video/calibration_vid2/color",
    "square_size": 19.88,
    "cameras": [
        {
            "name": "cam1",
            "start_frame": 360,
            "end_frame": 900,
            "intrinsics": {
                "mapping_coefficients": [
                    -4.714441e+02,
                    0.000000e+00,
                    7.356108e-04,
                    -3.773045e-07,
                    5.800006e-10
                ],
                "image_size": [
                    1600,
                    1600
                ],
                "distortion_center": [
                    794.308657,
                    798.175741
                ],
                "stretch_matrix": [
                    1.000305,
                    -0.000277,
                    -0.000925,
                    1
                ],
                "poly": [
                    2.968883,
                    13.743404,
                    15.588713,
                    -7.873745,
                    0.458049,
                    54.651570,
                    45.327180,
                    7.034666,
                    504.754051,
                    772.405470
                ],
                "fast_poly": [
                    0.0
                ]
            },
            "translation": [
                -0.165608,
                0.455658,
                -68.2753
            ],
            "rotation": [
                0.9999614509670639,
                0.002637720582189728,
                -0.008374903580013079,
                -0.00262386940953238,
                0.9999951724504207,
                0.0016644474083279991,
                0.008379253496937744,
                -0.0016424085921786554,
                0.9999635446379285
            ]
        }
    ]
}